route_id,name,mountain_id,mountain_name,grade,grade_yds,length_ft,pitches,type,first_ascent_year,latitude,longitude,accident_count,mp_route_id
rt_8e129dba,West Buttress,mt_47aa3dc9,McKinley,5.0,5.0,16000.0,,alpine,1951.0,63.0695,-151.0074,30,
rt_0f789c65,Redgarden Wall,mt_7109d51d,Redgarden,5.8,,600.0,6.0,trad,,39.9311,-105.2928,8,202008095
rt_c2cf6d29,East Ridge,mt_44fdfd6b,Temple,5.4,,3500.0,10.0,alpine,,51.35,-116.2167,6,106997654
rt_244867be,Liberty Ridge,mt_9294ee3d,Rainier,Grade IV 5.4,5.4,10000.0,,alpine,1935.0,46.8523,-121.7603,5,106459197
rt_903ce1ff,East Face,mt_66937502,Longs,5.8,,1200.0,8.0,alpine,,40.2549,-105.6151,4,105998005
rt_1f2452a4,South Side Route,mt_14da5435,Hood,Grade II,,5200.0,,alpine,,45.3736,-121.696,4,105792904
rt_3e5f9004,Aemmer Couloir,mt_44fdfd6b,Temple,WI4,,2000.0,8.0,ice,,51.35,-116.2167,4,126226596
rt_98ace081,Red Gully,mt_e56bd4c2,Crestone,Class 4,,3000.0,,alpine,,37.9669,-105.5853,4,116363975
rt_803cc53e,East Face,mt_873d1ed8,Teewinot,5.4,,1000.0,6.0,alpine,,43.7763,-110.8219,4,105845113
rt_31ee3e60,Casual Route,mt_66937502,Longs,5.10a,,900.0,6.0,trad,,40.2549,-105.6151,3,105748496
rt_549d9451,Cassin Ridge,mt_47aa3dc9,McKinley,VI 5.8 AI4,5.8,8000.0,40.0,alpine,1961.0,63.0695,-151.0074,3,
rt_0b022b6d,football field,mt_47aa3dc9,McKinley,Alaska Grade 2,,16000.0,,alpine,,63.0695,-151.0074,3,
rt_2bba744d,North Face,mt_66937502,Longs,5.4,,1500.0,10.0,alpine,,40.2549,-105.6151,3,113281662
rt_28fba71a,Kautz Glacier Route,mt_9294ee3d,Rainier,Grade III,,9000.0,,alpine,,46.8523,-121.7603,3,
rt_4d2da3e7,Kain Face,mt_69727fef,Robson,5.8,,4000.0,20.0,alpine,,53.1097,-119.1564,3,106998345
rt_b7492e8b,East Buttress,mt_5efd5935,Whitney,5.7,,1200.0,14.0,alpine,,36.5785,-118.2923,2,105789686
rt_8f558bda,Blitzen Ridge,mt_c4b95cac,Ypsilon,5.6,,1500.0,8.0,alpine,,40.3428,-105.6836,2,105754804
rt_a5f50acc,Bell Cord Couloir,mt_35e02ce3,Maroon Bells,Class 4,,3500.0,,alpine,,39.5501,-105.7821,2,105758709
rt_f67efffb,Southside Route,mt_14da5435,Hood,Grade II,,5200.0,,alpine,,45.3736,-121.696,2,
rt_0a5975ad,Barber Wall,mt_af2f73a5,Barber,,,,,trad,,43.1939,-71.5724,2,105922841
rt_bcf21b66,Avalanche Gulch Route,mt_56d0945d,Shasta,Grade II,,7000.0,,alpine,,41.4093,-122.1949,2,
rt_23a790ef,South Ridge,mt_bface9aa,Edith,5.4,,2500.0,8.0,alpine,,40.3428,-105.6836,2,106115237
rt_1672f887,AAI 2,mt_47aa3dc9,McKinley,Alaska Grade 2,,16000.0,,alpine,,63.0695,-151.0074,2,
rt_e48182f4,Slipstream,mt_597763c4,Snowdome,WI4+,,2000.0,10.0,ice,,52.8734,-117.9543,2,119219878
rt_289ea051,Sentinel Buttress,mt_e305d845,Moore's,5.7,,400.0,4.0,trad,,36.3956,-80.2628,2,106175435
rt_f8ae5c7f,Salathé Wall,mt_91eb0b4a,Salathé,5.9 C2,,3200.0,35.0,big_wall,,36.7783,-119.4179,2,106154042
rt_5ab56578,tourist route,mt_44fdfd6b,Temple,5.4,,3500.0,10.0,alpine,,51.35,-116.2167,2,
rt_37c88f9f,standard,mt_6a601427,Cathedral,5.6,,400.0,4.0,trad,,37.8651,-119.5383,2,105949237
rt_1e74c3c7,Red Wall,mt_2ec4b806,Crowders,5.9,,300.0,3.0,trad,,35.2095,-81.2981,2,107101525
rt_631d887e,Red Garden Wall,mt_08c160d7,Red Garden,,,,,trad,,39.9311,-105.2928,2,
rt_24adb6d5,Orient Express,mt_47aa3dc9,McKinley,,,,,unknown,,63.0695,-151.0074,2,
rt_7fd10613,Northeast Ridge,mt_bc3fde20,Ha Ling,,,,,alpine,,51.0667,-115.4,2,
rt_02fa3011,Northeast Ridge,mt_7b97df22,Athabasca,,,,,alpine,,52.6942,-117.2133,2,
rt_0ed5ba13,North Ridge,mt_623466d6,Baker,Grade III 5.4,,6000.0,,alpine,,48.7767,-121.8144,2,106445849
rt_82610356,Leuthold Couloir,mt_14da5435,Hood,Grade III AI3,,5000.0,,alpine,1959.0,45.3736,-121.696,2,105793182
rt_373c762b,Keyhole Route,mt_66937502,Longs,Grade II 5.2,5.2,2800.0,,alpine,1868.0,40.2549,-105.6151,2,123687113
rt_6cf2b252,West Ridge,mt_3a7e1b81,Thompson,,,,,alpine,,47.7511,-120.7401,2,112049589
rt_515ed99f,West Face,mt_0ed2b406,Washington,,,,,alpine,,44.2705,-71.3033,2,120322178
rt_11d926a8,Ingraham Direct Glacier Route,mt_9294ee3d,Rainier,,,,,alpine,,46.8523,-121.7603,2,
rt_3f070f6c,Weeping Wall,mt_523238da,Weeping,,,,,trad,,40.3428,-105.6836,2,107622966
rt_f06eee62,East Ridge,mt_3447adfd,Logan,,,,,alpine,,41.7369,-111.8225,2,106457887
rt_20fc7412,East Ridge,mt_bface9aa,Edith,,,,,alpine,,40.3428,-105.6836,2,105946596
rt_06c494a4,East Face,mt_5efd5935,Whitney,III 5.7,5.7,1000.0,11.0,alpine,1931.0,36.5785,-118.2923,2,105792077
rt_4fb8a7cb,East Face,mt_bfaed56b,Mix Up,,,,,alpine,,47.7511,-120.7401,1,110928504
rt_3178f97c,fourteeners,mt_130149b2,Ouray,,,,,unknown,,39.5501,-105.7821,1,
rt_d98f11bf,"soft catch,",mt_6bd62814,Oceanic,,,,,unknown,,,,1,
rt_86ab9619,sweet spot,mt_6638070b,Canon,,,,,unknown,,43.1939,-71.5724,1,121616761
rt_7490c2ed,the X.,mt_725d67c6,Starlight,,,,,unknown,,36.7783,-119.4179,1,
rt_4a1ceb1f,tricky,mt_873d1ed8,Teewinot,,,,,unknown,,43.7763,-110.8219,1,
rt_b4b4bc2e,Alpine Scramblers,mt_97f01451,Silver,,,,,unknown,,47.7511,-120.7401,1,
rt_14a67b73,Avalanche!,mt_2a2d595e,Spring,,,,,unknown,,,,1,
rt_6c3a19d7,"distressed,",mt_66937502,Longs,,,,,unknown,,40.2549,-105.6151,1,
rt_da274710,Summit to the Sea,mt_47aa3dc9,McKinley,,,,,unknown,,63.0695,-151.0074,1,
rt_4dbc9e06,CMC Route,mt_d539d9ce,Moran,,,,,unknown,,43.076,-107.2903,1,
rt_fb436308,unwellness.,mt_47aa3dc9,McKinley,,,,,unknown,,63.0695,-151.0074,1,
rt_44a122a9,Calgary Route,mt_53f8d8e0,Yamnuska,,,,,unknown,,51.13,-114.98,1,
rt_0ab3c40c,Sunnyside Wall,mt_1b71c209,Sunnyside,,,,,trad,,,,1,
rt_59da89be,Can I safely reverse these moves?,mt_6a601427,Cathedral,,,,,unknown,,36.7783,-119.4179,1,
rt_c863e29f,easy,mt_f491fd73,Aberdeen,,,,,unknown,,51.4968,-115.9281,1,
rt_1701850e,Canmore Leader,mt_1f953965,Stoneworks,,,,,unknown,,40.3428,-105.6836,1,
rt_9f134221,Tattoo Wall,mt_e150616b,Endless,,,,,trad,,38.0667,-81.0667,1,
rt_513ee3a8,Casino Wall,mt_5050bc37,Aces High on Casino,,,,,trad,,,,1,
rt_5491ff08,summit fever,mt_3a7e1b81,Thompson,,,,,unknown,,47.7511,-120.7401,1,
rt_3a989916,Ten minutes from car on Norquay and needed help.,mt_d357fb57,Norquay,,,,,unknown,,51.4968,-115.9281,1,
rt_47a4d2aa,easy,mt_66937502,Longs,,,,,unknown,,40.2549,-105.6151,1,
rt_306e8032,Central Couloir,mt_a54bd318,Joffre,,,,,alpine,,,,1,
rt_a9f2418d,pushing through,mt_9294ee3d,Rainier,,,,,unknown,,46.8523,-121.7603,1,
rt_b1add15f,Challenge 1999,mt_47aa3dc9,McKinley,,,,,unknown,,63.0695,-151.0074,1,
rt_f40825cf,The Bulge,mt_a5cacf8c,Dorr,,,,,unknown,,44.3386,-68.2733,1,
rt_b6871f6f,Chasm Meadows Cabin below the East Face,mt_66937502,Longs,,,,,alpine,,40.2549,-105.6151,1,
rt_371db981,wasn’t feeling too well,mt_47aa3dc9,McKinley,,,,,unknown,,63.0695,-151.0074,1,
rt_9e86b24e,China Wall,mt_7ff36797,Stephen,,,,,trad,,51.3167,-116.45,1,
rt_6d2f4398,"The Chute,",mt_5efd5935,Whitney,,,,,unknown,,36.5785,-118.2923,1,
rt_b8ac078c,Clear Creek Route,mt_56d0945d,Shasta,,,,,unknown,,41.4093,-122.1949,1,
rt_3bbf079d,exposure,mt_325c677e,Canyon Spring,,,,,unknown,,34.0489,-111.0937,1,
rt_42f0d08b,Colombia Epopeya A,mt_47aa3dc9,McKinley,,,,,unknown,,63.0695,-151.0074,1,
rt_1742faf6,The Great Arch,mt_0a840ef4,Stone,,,,,unknown,,36.4,-81.0333,1,
rt_7f3d6aa7,Considerable,mt_abd7372b,Wilson,,,,,unknown,,51.45,-116.0667,1,
rt_54d4b672,rag dolling,mt_b4ea0625,Little Bear,,,,,unknown,,64.2008,-149.4937,1,
rt_63ddaa53,Creating a Hazardous Condition,mt_47aa3dc9,McKinley,,,,,unknown,,63.0695,-151.0074,1,
rt_c1b8e2c1,"The Pearly Gates,",mt_14da5435,Hood,,,,,unknown,,45.3736,-121.696,1,
rt_cbb043f9,Culp-Bossier Route,mt_39819893,Hallett,,,,,unknown,,40.3428,-105.6836,1,
rt_0ab4d752,fair weather,mt_14da5435,Hood,,,,,unknown,,45.3736,-121.696,1,
rt_adbc0f25,Death March 2000,mt_47aa3dc9,McKinley,,,,,unknown,,63.0695,-151.0074,1,
rt_41d6be1e,"The Shoulder,",mt_1627af27,Candian Border,,,,,unknown,,,,1,
rt_63cc56ae,Deshawa Peak,mt_2441bac6,North Arapaho,,,,,unknown,,39.5501,-105.7821,1,
rt_dbc59e3d,social proof,mt_0ed2b406,Washington,,,,,unknown,,44.2705,-71.3033,1,
rt_a2d29766,Die Bahner.,mt_47aa3dc9,Mckinley,,,,,unknown,,63.1148,-151.1926,1,
rt_a77303d5,The Turtle,mt_9294ee3d,Rainier,,,,,unknown,,46.8523,-121.7603,1,
rt_7cb1855e,Disappointment Cleaver Route,mt_9294ee3d,Rainier,,,,,unknown,,46.8523,-121.7603,1,
rt_3df2550d,felt tired.,mt_47aa3dc9,McKinley,,,,,unknown,,63.0695,-151.0074,1,
rt_8daeb9ff,Don’t move!,mt_32ca746b,Pisgah,,,,,unknown,,44.5588,-72.5778,1,
rt_6ec82bd1,"The rock gave way, which made him pitch forward,",mt_c32f2c66,Snowmass,,,,,unknown,,39.5501,-105.7821,1,
rt_62d2b2a6,Double Crack,mt_09dd7000,Guides,,,,,trad,,43.7904,-110.6818,1,
rt_9ae025c7,ramp.,mt_14da5435,Hood,,,,,unknown,,45.3736,-121.696,1,
rt_ca8816b0,Duksung Women’s University Alpine Team Expedition,mt_47aa3dc9,McKinley,,,,,unknown,,63.0695,-151.0074,1,
rt_3a039e48,"There was no sign of danger when we went up,",mt_11c8b1d8,Idems,,,,,unknown,,64.2008,-149.4937,1,
rt_19d2ab2f,East Buttress,mt_79ab9455,Johnson,,,,,alpine,,64.2008,-149.4937,1,
rt_b0ec60b7,for the benefit of the public,mt_14da5435,Hood,,,,,unknown,,45.3736,-121.696,1,
rt_c04721d1,Three Guys on Denali,mt_47aa3dc9,McKinley,,,,,unknown,,63.0695,-151.0074,1,
rt_48b48653,real,mt_8332c2ee,Dogwood,,,,,unknown,,39.321,-111.0937,1,
rt_75eb1aef,Thunderbird,mt_47aa3dc9,McKinley,,,,,unknown,,63.0695,-151.0074,1,
rt_21f74132,East Face,mt_d539d9ce,Moran,,,,,alpine,,43.7904,-110.6818,1,
rt_bb7f5139,free ride.,mt_341e76dc,Olympus,,,,,unknown,,47.8013,-123.7108,1,
rt_422bbb39,East Face,mt_44fdfd6b,Temple,,,,,alpine,,51.35,-116.2167,1,
rt_919d2e16,reasonable,mt_9294ee3d,Rainier,,,,,unknown,,46.8523,-121.7603,1,
rt_e4b39e85,take,mt_a067c13c,Pikes,,,,,unknown,,39.5501,-105.7821,1,
rt_eaa31004,three times as long,mt_69727fef,Robson,,,,,unknown,,53.1097,-119.1564,1,
rt_406920c5,Top Gun,mt_a0428c08,Back of the Lake,,,,,unknown,,,,1,
rt_f4a52ac2,Brian.,mt_9294ee3d,Rainier,,,,,unknown,,46.8523,-121.7603,1,
rt_3195cbeb,Trango Italy.,mt_085a6989,Midnight Surf,,,,,unknown,,,,1,
rt_195adcf8,glue,mt_849c829d,Storm,,,,,unknown,,39.321,-111.0937,1,
rt_8259a658,Emmons Route,mt_9294ee3d,Rainier,,,,,unknown,,46.8523,-121.7603,1,
rt_ba4b9d39,"reasonable Scottish mist,",mt_6f9aefd5,Indefatigable,,,,,unknown,,40.3428,-105.6836,1,
rt_a5e12c7c,Endless Wall,mt_e150616b,Endless,,,,,trad,,38.0667,-81.0667,1,
rt_dcfa1a58,Turtle Team,mt_8d4575cf,Foraker,,,,,unknown,,62.9604,-151.3998,1,
rt_e63283db,Extreme.,mt_1729bc47,Lady,,,,,unknown,,,,1,
rt_4a49c56d,Sudden Arrhythmic Cardiac Death,mt_47aa3dc9,McKinley,,,,,unknown,,63.0695,-151.0074,1,
rt_048d7dd3,Falling!,mt_bd8c8f43,Drive-by,,,,,unknown,,,,1,
rt_88f1f5b4,Upper Cornice.,mt_9294ee3d,Rainier,,,,,unknown,,46.8523,-121.7603,1,
rt_75382d90,Falling!,mt_873d1ed8,Teewinot,,,,,unknown,,43.7763,-110.8219,1,
rt_e4642860,"go, no-go",mt_97c2bd16,Garfield,,,,,unknown,,47.7511,-120.7401,1,
rt_54f9eb45,"Falling,",mt_3ad540a1,Shuksan,,,,,unknown,,48.8098,-121.6065,1,
rt_d6a6d406,Urs Hole,mt_4922909f,Cascade,,,,,unknown,,40.3428,-105.6836,1,
rt_369b8e86,"Feast of Snakes,",mt_9714f1bd,Carmel,,,,,unknown,,39.321,-111.0937,1,
rt_f68bc602,rebar,mt_47aa3dc9,McKinley,,,,,unknown,,63.0695,-151.0074,1,
rt_51fe043e,Feudal Wall,mt_3a89f63e,Feudal,,,,,trad,,36.7783,-119.4179,1,
rt_3441acf3,Velcro ripping,mt_fad58de7,Main,,,,,unknown,,36.7783,-119.4179,1,
rt_d91ff9e8,Flake Pitch,mt_2a91feea,Guides',,,,,unknown,,43.7904,-110.6818,1,
rt_78a51613,had a history of brain tumors.,mt_9294ee3d,Rainier,,,,,unknown,,46.8523,-121.7603,1,
rt_df8218db,Football Field,mt_9294ee3d,Rainier,,,,,unknown,,46.8523,-121.7603,1,
rt_70a0ac4c,Victory Wall,mt_e4f1ee70,Victory,,,,,trad,,,,1,
rt_89cf59ed,Free at Last,mt_47aa3dc9,McKinley,,,,,unknown,,63.0695,-151.0074,1,
rt_309dbc34,Bumblebee Wall,mt_0fb27f18,Bumblebee,,,,,trad,,39.321,-111.0937,1,
rt_d4c8142b,Friday and began the ascent up Liberty Ridge,mt_9294ee3d,Rainier,,,,,alpine,,46.8523,-121.7603,1,
rt_4c19aec7,WSW Face Snow Gullies,mt_d86401b7,Buller,,,,,alpine,,53.9333,-116.5765,1,
rt_d9682894,Front Porch,mt_bf3d3410,Granite,,,,,unknown,,46.8306,-113.4051,1,
rt_ceb9159e,hands-on stable,mt_858cabea,Table Rock,,,,,unknown,,35.98,-81.88,1,
rt_bafcab3b,GPS satellite communicator,mt_886c22ad,Thielsen,,,,,unknown,,43.8041,-120.5542,1,
rt_cbf4e897,Way- honed hardmen,mt_dcaacaf6,Whitesides,,,,,unknown,,,,1,
rt_fb1d61df,"Gambo De Palamos,",mt_47aa3dc9,McKinley,,,,,unknown,,63.0695,-151.0074,1,
rt_00f405d0,rescue,mt_97f01451,Silver,,,,,unknown,,47.7511,-120.7401,1,
rt_69472604,Gooseberry,mt_13621569,Tunnel,,,,,unknown,,40.3428,-105.6836,1,
rt_22d138c8,We climb past that one!,mt_a09272b5,Chair,,,,,unknown,,47.7511,-120.7401,1,
rt_749e8dd5,Grassi Ridge,mt_32bf3172,Wiwaxy,,,,,alpine,,51.45,-116.5,1,
rt_ece9a783,head and leg injuries and major bleeding...we need help now!,mt_56d0945d,Shasta,,,,,unknown,,41.4093,-122.1949,1,
rt_57cafd12,Great Gully,mt_0ed2b406,Washington,,,,,unknown,,44.2705,-71.3033,1,
rt_1db1e11c,We need help! I had a bad lead fall.,mt_0a840ef4,Stone,,,,,unknown,,36.4,-81.0333,1,
rt_2cd8d34e,Gully to Tantalus-Dione Col,mt_2425265e,Tantalus,,,,,unknown,,53.7267,-127.6476,1,
rt_8c724153,solutions,mt_eefec303,Split,,,,,unknown,,36.7783,-119.4179,1,
rt_90dfeb28,HIGH,mt_0ed2b406,Washington,,,,,unknown,,44.2705,-71.3033,1,
rt_7aad2bf9,"We were pretty worried by that time,",mt_d539d9ce,Moran,,,,,unknown,,43.7904,-110.6818,1,
rt_20f76b06,Head Wall,mt_43e377c2,Tammay,,,,,trad,,,,1,
rt_50930a6f,somehow missed the first ledge.,mt_43996fb1,Owen,,,,,unknown,,43.7429,-110.7958,1,
rt_0b1f66ee,Heart.,mt_56d0945d,Shasta,,,,,unknown,,41.4093,-122.1949,1,
rt_97e461fc,West Buttheads,mt_47aa3dc9,McKinley,,,,,unknown,,63.0695,-151.0074,1,
rt_8cd8c06c,Help!,mt_084fbcb0,Thunderbolt,,,,,unknown,,36.7783,-119.4179,1,
rt_f8809f20,take.,mt_ebc80d0d,Moores,,,,,unknown,,36.3956,-80.2628,1,
rt_143a07d7,Hotlum-Wintun Route,mt_56d0945d,Shasta,,,,,unknown,,41.4093,-122.1949,1,
rt_8e129dba,West Buttress,mt_47aa3dc9,Mckinley,,,,,alpine,,40.3428,-105.6836,1,
rt_e5948fe0,I Hear My Train A-Coming,mt_22470fd1,Back-of-the-Lake,,,,,unknown,,40.3428,-105.6836,1,
rt_43a914e3,holds,mt_f0b533ec,Fall on Artificial Rock,,,,,unknown,,39.5501,-105.7821,1,
rt_c6db2612,"I think my brain stem is pushing through my foramen magnum,",mt_9294ee3d,Rainier,,,,,unknown,,46.8523,-121.7603,1,
rt_fffb9d5f,West Face,mt_785b1acb,Dione,,,,,alpine,,,,1,
rt_934dcd2d,"I, Robot",mt_0bfec596,Happy Hour,,,,,unknown,,40.015,-105.405,1,
rt_6a591b17,drag Rick,mt_9294ee3d,Rainier,,,,,unknown,,46.8523,-121.7603,1,
rt_ad9133ca,If I fall here I’m in trouble.,mt_0fb037bc,Beckey's,,,,,unknown,,39.321,-111.0937,1,
rt_82408043,hourglass,mt_14da5435,Hood,,,,,unknown,,45.3736,-121.696,1,
rt_40093a68,"Interfering with Agency Function,",mt_47aa3dc9,McKinley,,,,,unknown,,63.0695,-151.0074,1,
rt_81cf435e,something with ten pitches of 5.9.,mt_71ef04d1,Colchuck,,,,,unknown,,47.7511,-120.7401,1,
rt_ecf62492,"It would be nice to have at least a set of stoppers,",mt_3fb797f2,Thatchtop,,,,,unknown,,40.3428,-105.6836,1,
rt_e3200e2d,West Face,mt_dcff57c9,Sir,,,,,alpine,,48.7596,-113.787,1,
rt_39b42b02,"It’s just Hillman’s,",mt_0ed2b406,Washington,,,,,unknown,,44.2705,-71.3033,1,
rt_860d30fe,Bihedral Wall,mt_3a4db720,Bihedral,,,,,trad,,40.015,-105.405,1,
rt_5d588aad,I’m OK!,mt_0ed2b406,Washington,,,,,unknown,,44.2705,-71.3033,1,
rt_af2f6539,West Face,mt_e21c74cd,West Face of the North,,,,,alpine,,,,1,
rt_a2979c9b,"I’m feeling better, I’ve been walking around today.",mt_47aa3dc9,McKinley,,,,,unknown,,63.0695,-151.0074,1,
rt_e3445031,"iced up,",mt_14da5435,Hood,,,,,unknown,,45.3736,-121.696,1,
rt_7453ab53,I’m okay!,mt_2e6961f1,Laurel,,,,,unknown,,36.7783,-119.4179,1,
rt_c8b802a1,West Ridge,mt_da947d5c,Biddle,,,,,alpine,,51.45,-116.5,1,
rt_8c198bd7,Japanese Couloir,mt_cd058fdb,Barrill,,,,,alpine,,63.1148,-151.1926,1,
rt_9bba8376,Southwest Face,mt_87e2763c,Colin,,,,,alpine,,52.8734,-117.9543,1,
rt_cbfa8573,Jim is on his back and unresponsive.,mt_47aa3dc9,McKinley,,,,,unknown,,63.0695,-151.0074,1,
rt_4ec289c7,West Ridge,mt_407cb343,Stuart,,,,,alpine,,47.4753,-120.9025,1,
rt_13605ac7,Kahiltna Glacier to ascend the West Buttress,mt_47aa3dc9,McKinley,,,,,alpine,,63.0695,-151.0074,1,
rt_6604af57,Alpine Garden above Damnation Gully,mt_0ed2b406,Washington,,,,,unknown,,44.2705,-71.3033,1,
rt_3acc3cef,Kain Route,mt_f952321b,Parks Canada and Canadian,,,,,unknown,,50.5,-116.5,1,
rt_c5d4991e,"lessons learned,",mt_02f9849e,Humboldt,,,,,unknown,,39.5501,-105.7821,1,
rt_e5d6eea6,West Shoulder Direct,mt_c77c94c2,Andromeda,,,,,unknown,,52.2,-117.2833,1,
rt_a786b0c2,Beehive.,mt_9294ee3d,Rainier,,,,,unknown,,46.8523,-121.7603,1,
rt_fb1ffad5,Knife Edge near Pamola Peak,mt_25077e86,Katahdin,,,,,unknown,,45.9187,-68.8597,1,
rt_61a8b1a4,"We’re moving the chess pieces around all over the mountain,",mt_47aa3dc9,McKinley,,,,,unknown,,63.0695,-151.0074,1,
rt_33c344ce,L10 at Denali 2012,mt_47aa3dc9,McKinley,,,,,unknown,,63.0695,-151.0074,1,
rt_26a4c8fa,lightweight and fast,mt_47aa3dc9,McKinley,,,,,unknown,,63.0695,-151.0074,1,
rt_f84ad1c9,looked easy.,mt_6cb60984,Ragged,,,,,unknown,,41.6333,-72.7833,1,
rt_5140ae1e,"screamer suit,",mt_6b1b36cb,Hunter,,,,,unknown,,62.9804,-151.0984,1,
rt_7ee1cfb0,Lion Head Winter Route,mt_0ed2b406,Washington,,,,,unknown,,44.2705,-71.3033,1,
rt_ff093a28,Southwest Ridge,mt_0b3d22ef,Uto,,,,,alpine,,48.7596,-113.787,1,
rt_321656d4,Long’s Peak Navy,mt_66937502,Longs,,,,,unknown,,40.2549,-105.6151,1,
rt_d8f7e2a6,Wintun Route,mt_56d0945d,Shasta,,,,,unknown,,41.4093,-122.1949,1,
rt_4762565e,Lower Peanuts Wall,mt_9ef15f51,Lower Peanuts,,,,,trad,,39.9311,-105.2928,1,
rt_180fd0c2,main,mt_9294ee3d,Rainier,,,,,unknown,,46.8523,-121.7603,1,
rt_6da07061,May Day,mt_47aa3dc9,McKinley,,,,,unknown,,63.0695,-151.0074,1,
rt_1e9ae73e,Wy'East Face,mt_9294ee3d,Rainier,,,,,alpine,,46.8523,-121.7603,1,
rt_5e3afaa6,Mazama Glacier,mt_3cc4a9a4,Adams,,,,,alpine,,46.2024,-121.4909,1,
rt_6aadc122,scrub or go,mt_5d36d87a,Dragontail,,,,,unknown,,47.7511,-120.7401,1,
rt_6c0d5e79,Messner Couloir,mt_47aa3dc9,McKinley,,,,,alpine,,63.0695,-151.0074,1,
rt_13b362ce,Yellow Wall,mt_d487dd0b,Yellow,,,,,trad,,,,1,
rt_5cbbf27c,Mount McKinley were blown off the West Buttress,mt_47aa3dc9,McKinley,,,,,alpine,,63.0695,-151.0074,1,
rt_e32802ce,mashed up,mt_06da233a,North Carolina,,,,,unknown,,,,1,
rt_1143ef58,"Mousetrap,",mt_69727fef,Robson,,,,,unknown,,53.1097,-119.1564,1,
rt_35d946ff,Yocum Ridge,mt_14da5435,Hood,Grade IV 5.7,,6000.0,,alpine,,45.3736,-121.696,1,
rt_bc00bfbd,"My hands and feet are cold,",mt_47aa3dc9,McKinley,,,,,unknown,,63.0695,-151.0074,1,
rt_932cd820,spring,mt_7513de00,Cantata,,,,,unknown,,64.2008,-149.4937,1,
rt_3be57957,Nasty Groove.,mt_e150616b,Endless,,,,,unknown,,38.0667,-81.0667,1,
rt_9334d6cd,You’ve got High Altitude Pulmonary Edema!,mt_47aa3dc9,McKinley,,,,,unknown,,63.0695,-151.0074,1,
rt_0301a856,"No problem, I will let you back down using the rope.",mt_3e127c2a,Tammany,,,,,unknown,,,,1,
rt_0bfed7fc,meet up,mt_56d0945d,Shasta,,,,,unknown,,41.4093,-122.1949,1,
rt_dda2f5ef,North Buttress,mt_6b1b36cb,Hunter,,,,,alpine,,62.9804,-151.0984,1,
rt_248dcb58,a big piece of rock in his lap.,mt_dc2a18ef,Muir,,,,,unknown,,37.2151,-118.5437,1,
rt_3ed18e0b,North Face,mt_b5e90111,Easy Day,,,,,alpine,,43.076,-107.2903,1,
rt_3ba859b3,several hundred meters,mt_9294ee3d,Rainier,,,,,unknown,,46.8523,-121.7603,1,
rt_26b3d4ba,North Face,mt_5bc45960,Fay,,,,,alpine,,51.3333,-116.2667,1,
rt_62cc0365,minor,mt_9294ee3d,Rainier,,,,,unknown,,46.8523,-121.7603,1,
rt_2497ce2f,North Face,mt_c7656ce3,Stanley,,,,,alpine,,40.3428,-105.6836,1,
rt_8bf2fb11,shelf,mt_9294ee3d,Rainier,,,,,unknown,,46.8523,-121.7603,1,
rt_3e41e465,North Ridge,mt_7b97df22,Athabasca,,,,,alpine,,52.6942,-117.2133,1,
rt_d463c5e8,moaning,mt_9294ee3d,Rainier,,,,,unknown,,46.8523,-121.7603,1,
rt_943fc1e9,North Ridge,mt_ae463243,Stewart,,,,,alpine,,47.7511,-120.7401,1,
rt_9e23be25,Bunk Bed Wall,mt_0c027c90,Bunk Bed,,,,,trad,,,,1,
rt_d0f84a3f,North-Northeast Ridge,mt_921f705c,Norman Clyde,,,,,alpine,,36.7783,-119.4179,1,
rt_d55ebcdc,an extra safety measure.,mt_73997de2,Dead Cat's,,,,,unknown,,,,1,
rt_7974afcf,Northeast Buttress,mt_a09272b5,Chair,,,,,alpine,,47.7511,-120.7401,1,
rt_2c83928c,moderately-difficult,mt_8e4de62c,Crandell,,,,,unknown,,,,1,
rt_537c3612,Northeast Face,mt_d25606bf,Chinaman's,,,,,alpine,,,,1,
rt_362732f1,anchoring,mt_d4adec3c,Ptarmigan,,,,,unknown,,64.2008,-149.4937,1,
rt_85dcc19f,Northeast Ridge,mt_1e3c4d2d,Assiniboine,,,,,alpine,,50.8667,-115.65,1,
rt_b21529e2,Balfour Wall,mt_f1ac8954,Murchison,,,,,trad,,51.9167,-116.7833,1,
rt_30106680,back.,mt_248706c0,Abraham,,,,,unknown,,40.3428,-105.6836,1,
rt_6d0d94c3,night,mt_8d4575cf,Foraker,,,,,unknown,,62.9604,-151.3998,1,
rt_170ca90d,Northwest Ridge,mt_dcff57c9,Sir,,,,,alpine,,50.2667,-117.2833,1,
rt_83d47de5,short-cut,mt_102b4fe6,Jefferson,,,,,unknown,,44.6744,-121.799,1,
rt_958b54a7,"OSAT,03",mt_47aa3dc9,McKinley,,,,,unknown,,63.0695,-151.0074,1,
rt_7ff5ea43,bail-out ’biner,mt_0a840ef4,Stone,,,,,unknown,,36.4,-81.0333,1,
rt_0e8f7cee,"Off belay,",mt_623466d6,Baker,,,,,unknown,,48.7767,-121.8144,1,
rt_fb28ef3e,strange wind,mt_2e3985e3,Flattop,,,,,unknown,,40.3428,-105.6836,1,
rt_28c3ec5a,"Oh, no!",mt_d0ac3150,Devil's,,,,,unknown,,36.4864,-118.5658,1,
rt_f1c244d6,banging,mt_9294ee3d,Rainier,,,,,unknown,,46.8523,-121.7603,1,
rt_db3e6d90,One Way to Wangland.,mt_fa9c8ab9,Barrier,,,,,unknown,,,,1,
rt_cd76b835,no energy and we cannot go up.,mt_47aa3dc9,McKinley,,,,,unknown,,63.0695,-151.0074,1,
rt_ca2a2dd3,Ophir Wall,mt_d0e9c852,Ophir,,,,,trad,,39.5501,-105.7821,1,
rt_4d0d9c2c,basketball-sized,mt_d56a0725,Dunderberg,,,,,unknown,,36.7783,-119.4179,1,
rt_859f10b0,best guess,mt_50fd76e3,South,,,,,unknown,,44.3386,-68.2733,1,
rt_a464cb2b,standard,mt_30d2a87a,Lookout,,,,,unknown,,39.5501,-105.7821,1,
rt_cfeefb85,"Out of the way,",mt_92d06f15,Guy,,,,,unknown,,47.7511,-120.7401,1,
rt_bf73ce0d,black ice,mt_66937502,Longs,,,,,unknown,,40.2549,-105.6151,1,
rt_b9374a2c,Painted Wall,mt_2924aff9,Painted,,,,,trad,,39.5501,-105.7821,1,
rt_5d7a8421,no man’s land,mt_7109d51d,Redgarden,,,,,trad,,39.9311,-105.2928,1,
rt_9431ce8d,Party Buttress,mt_e150616b,Endless,,,,,alpine,,38.0667,-81.0667,1,
rt_0d652d89,blue ice.,mt_56d0945d,Shasta,,,,,unknown,,41.4093,-122.1949,1,
rt_c147d723,"Photo Finish,",mt_c77c94c2,Andromeda,,,,,unknown,,52.2,-117.2833,1,
rt_3ec0ca9f,tomahawked,mt_44fdfd6b,Temple,,,,,unknown,,51.35,-116.2167,1,
rt_714c67c9,Pink Panther,mt_8d4575cf,Foraker,,,,,unknown,,62.9604,-151.3998,1,
rt_3c8a43b3,bomb proof.,mt_bc3fde20,Ha Ling,,,,,unknown,,40.3428,-105.6836,1,
rt_2a54d6c5,Piton Crack,mt_34fc4332,Old Rag,,,,,trad,,,,1,
rt_78239885,normal,mt_56d0945d,Shasta,,,,,unknown,,41.4093,-122.1949,1,
rt_5c4b8f2d,Polish Female Denali 2010,mt_47aa3dc9,McKinley,,,,,unknown,,63.0695,-151.0074,1,
rt_7a115444,bottomless,mt_14da5435,Hood,,,,,unknown,,45.3736,-121.696,1,
rt_b4122916,Princes of the Puff of Smoke,mt_47aa3dc9,McKinley,,,,,unknown,,63.0695,-151.0074,1,
rt_e51a74dd,shortcut,mt_0c2df31d,Wrangell-St,,,,,unknown,,64.2008,-149.4937,1,
rt_02910238,Pumping the Pigeon,mt_0571749e,Sunshine,,,,,unknown,,47.7511,-120.7401,1,
rt_c44df2e5,"buddy system,",mt_efbd0ea0,Eagle Cliff,,,,,unknown,,40.3428,-105.6836,1,
rt_8cfc4323,ROCK!,mt_a94aa000,Goat,,,,,unknown,,47.7511,-120.7401,1,
rt_2efa71b7,novice.,mt_b4177969,Jackson,,,,,unknown,,48.7596,-113.787,1,
rt_322e7bde,Ravine to climb Pinnacle Gully,mt_0ed2b406,Washington,,,,,unknown,,44.2705,-71.3033,1,
rt_bb057cb9,capsizing,mt_a94aa000,Goat,,,,,unknown,,47.7511,-120.7401,1,
rt_7317f439,official,mt_c80ac5b0,Ritter,,,,,unknown,,36.7783,-119.4179,1,
rt_b34a62c0,Air Voyage Wall,mt_a0428c08,Back of the Lake,,,,,trad,,51.4968,-115.9281,1,
rt_f82b08e9,Red Shirt Route,mt_53f8d8e0,Yamnuska,,,,,unknown,,51.13,-114.98,1,
rt_7e0c404e,chatting about whatever.,mt_858cabea,Table Rock,,,,,unknown,,35.98,-81.88,1,
rt_d58825a0,Red Wall,mt_6d3fd26c,Crowder's,,,,,trad,,,,1,
rt_abcd6660,step,mt_56d0945d,Shasta,,,,,unknown,,41.4093,-122.1949,1,
rt_c6ef6a8d,Redgarden Wall,mt_08c160d7,Red Garden,,,,,trad,,39.9311,-105.2928,1,
rt_d9690304,only slight headaches the night before.,mt_47aa3dc9,McKinley,,,,,unknown,,63.0695,-151.0074,1,
rt_dea8aba4,Rescue Gully,mt_47aa3dc9,McKinley,,,,,unknown,,63.0695,-151.0074,1,
rt_48c1deb1,time to put the rope on.,mt_1e3c4d2d,Assiniboine,,,,,unknown,,50.8667,-115.65,1,
rt_8ca39dc4,Ripple Wall,mt_2a263b15,Ripple,,,,,trad,,36.1357,-115.4274,1,
rt_7df15abe,climbing partner wanted,mt_39819893,Hallett,,,,,unknown,,40.3428,-105.6836,1,
rt_5c3a96da,Rock!,mt_7729ca95,Cory,,,,,unknown,,,,1,
rt_729552b1,"only the bare essentials of climbing,",mt_69dcab4a,Bold,,,,,unknown,,64.2008,-149.4937,1,
rt_c3b6fe9c,Rock!,mt_1c9a44eb,Lost,,,,,unknown,,34.0489,-111.0937,1,
rt_4caaf0e3,conservative,mt_777cadc2,Louis,,,,,unknown,,40.3428,-105.6836,1,
rt_f7ba04ec,Rock!,mt_b1ddbd0c,Whitehorse,,,,,unknown,,47.7511,-120.7401,1,
rt_51c9bb73,Southeast Ridge,mt_47aa3dc9,McKinley,,,,,alpine,,63.0695,-151.0074,1,
rt_2dcc43c5,"Rock, rock, rock!",mt_341e76dc,Olympus,,,,,unknown,,47.8013,-123.7108,1,
rt_203fc058,sliding sheet of ice,mt_14da5435,Hood,,,,,unknown,,45.3736,-121.696,1,
rt_f15ea301,Rocky Mountain National Park—The Climber’s Guide—High Peaks,mt_66937502,Longs,,,,,unknown,,40.2549,-105.6151,1,
rt_e005accd,Australian Rappel,mt_a3452f94,Pilot,,,,,unknown,,36.3378,-80.4697,1,
rt_7de187c4,Rundle Ridge,mt_4f732de8,Rundle,,,,,alpine,,51.1333,-115.4333,1,
rt_d004a820,considerable,mt_52595ddc,Wasington,,,,,unknown,,47.7511,-120.7401,1,
rt_97a09e1b,SOS,mt_51513ba3,Waddington,,,,,unknown,,51.3731,-125.2631,1,
rt_2f66a790,South Ridge,mt_ba89bfde,Ishbel,,,,,alpine,,40.3428,-105.6836,1,
rt_45eaad0a,Salathe Wall,mt_3e91f832,Salathe,,,,,trad,,36.7783,-119.4179,1,
rt_f529af24,"patrolled,",mt_2ec4b806,Crowders,,,,,unknown,,35.2095,-81.2981,1,
rt_e75b3f69,Sargents Ridge,mt_56d0945d,Shasta,,,,,alpine,,41.4093,-122.1949,1,
rt_9996f914,stitched it up,mt_a2ac0554,Junkyard,,,,,unknown,,38.0731,-81.0779,1,
rt_95782e72,crater,mt_14da5435,Hood,,,,,unknown,,45.3736,-121.696,1,
rt_a95f9879,petrified mud,mt_f22a0c6b,Camelback,,,,,unknown,,34.0489,-111.0937,1,
rt_9401aaaf,Seven Summits Croatia,mt_47aa3dc9,McKinley,,,,,unknown,,63.0695,-151.0074,1,
rt_26789cf9,did everything to the limit.,mt_14da5435,Hood,,,,,unknown,,45.3736,-121.696,1,
rt_3a9102e4,Sickle Couloir,mt_d539d9ce,Moran,,,,,alpine,,43.7904,-110.6818,1,
rt_ecef593b,toe-in landing,mt_150c365d,El Diente,,,,,unknown,,39.5501,-105.7821,1,
rt_cb1958e5,Alpine Scramble,mt_4e40fe51,Snoqualmie,,,,,unknown,,47.7511,-120.7401,1,
rt_53148d4e,Annapurna Klub,mt_47aa3dc9,McKinley,,,,,unknown,,63.0695,-151.0074,1,
rt_81c7cd6f,Advanced Mountain Operations Course,mt_13621569,Tunnel,,,,,unknown,,51.4968,-115.9281,1,
rt_e29efbcd,day hike.,mt_cd13b6a6,Rainbow,,,,,unknown,,48.7596,-113.787,1,
rt_9ea8ec55,Alley Cats,mt_47aa3dc9,McKinley,,,,,unknown,,63.0695,-151.0074,1,
rt_43827f2d,South Face,mt_01c40ac1,Face of Petit Grepon in Rocky,,,,,alpine,,40.3428,-105.6836,1,
rt_2b0efd11,...could not climb up or down from Thumb Rock.,mt_9294ee3d,Rainier,,,,,unknown,,46.8523,-121.7603,1,
rt_a8287c02,whoosh,mt_a3452f94,Pilot,,,,,unknown,,36.3378,-80.4697,1,
rt_9dca629d,Apex Trail,mt_873d1ed8,Teewinot,,,,,unknown,,43.7763,-110.8219,1,
rt_a6922ae1,pop,mt_47aa3dc9,McKinley,,,,,unknown,,63.0695,-151.0074,1,
rt_74a4c3f6,"Autobahn,",mt_47aa3dc9,McKinley,,,,,unknown,,63.0695,-151.0074,1,
rt_34b6d94e,pop!,mt_6a601427,Cathedral,,,,,unknown,,37.8651,-119.5383,1,
rt_718b0a67,Avalanche!,mt_0ed2b406,Washington,,,,,unknown,,44.2705,-71.3033,1,
rt_706f2322,Archangel Ridge,mt_8d4575cf,Foraker,,,,,alpine,,62.9604,-151.3998,1,
rt_5d436bad,Beer Run,mt_47aa3dc9,McKinley,,,,,unknown,,63.0695,-151.0074,1,
rt_c9031a5d,snow cave,mt_9294ee3d,Rainier,,,,,unknown,,46.8523,-121.7603,1,
rt_e26dffe5,"Blackbeard,",mt_f39c6ad8,Henley,,,,,unknown,,,,1,
rt_9076fcb8,positive,mt_6b1b36cb,Hunter,,,,,unknown,,62.9804,-151.0984,1,
rt_9e7974c6,British Army Expedition,mt_47aa3dc9,McKinley,,,,,unknown,,63.0695,-151.0074,1,
rt_b843f670,Sugar Cube,mt_f22a0c6b,Camelback,,,,,unknown,,34.0489,-111.0937,1,
rt_248e6f8c,Butterfly Buttress.,mt_79ab9455,Johnson,,,,,alpine,,64.2008,-149.4937,1,
rt_634a62de,push my limits.,mt_9843ebc7,Disappointment,,,,,unknown,,43.7904,-110.6818,1,
rt_37386d3f,Calling Wolfgang,mt_78be56d5,Upper Town,,,,,unknown,,47.7511,-120.7401,1,
rt_e931ea41,Tarzan Leap.,mt_7f367eda,Cutthroat,,,,,unknown,,47.7511,-120.7401,1,
rt_c94e296f,Casaval Ridge,mt_56d0945d,Shasta,Grade III 5.4,5.4,8000.0,,alpine,1937.0,41.4093,-122.1949,1,
rt_832d5990,pushing it.,mt_9294ee3d,Rainier,,,,,unknown,,46.8523,-121.7603,1,
rt_5a5cb77a,Cathedral when the leader fell from Cave Wall,mt_e386df9e,Cave,,,,,trad,,43.1939,-71.5724,1,
rt_76a3145b,"That’s not a good place to sit,",mt_9d127ff3,Engineer,,,,,unknown,,39.5501,-105.7821,1,
rt_720fb668,Charlton-Unwin Col up the East Ridge,mt_91d21490,Charlton,,,,,alpine,,52.8734,-117.9543,1,
rt_d3297fe8,this isn’t such a great idea,mt_6a86b09f,Meeker,,,,,unknown,,40.3428,-105.6836,1,
rt_76ec4df7,Class 4 West Ridge,mt_949ac1bd,Quandry,,,,,alpine,,39.5501,-105.7821,1,
rt_83e53b88,"The Crown,",mt_b2086154,King,,,,,unknown,,,,1,
rt_bd437f78,Colorado 2,mt_47aa3dc9,McKinley,,,,,unknown,,63.0695,-151.0074,1,
rt_39262e8a,failed.,mt_a3452f94,Pilot,,,,,unknown,,36.3378,-80.4697,1,
rt_55a0f493,Culp Bossier Route,mt_39819893,Hallett,,,,,unknown,,40.3428,-105.6836,1,
rt_e873cb5c,The Pedestal.,mt_ca1d0010,Snow Creek,,,,,unknown,,47.7511,-120.7401,1,
rt_615e60e3,Descent route above Lake Agnes,mt_1fdb97b7,Nublock,,,,,unknown,,53.9333,-116.5765,1,
rt_35973a91,ramp,mt_7b97df22,Athabasca,,,,,unknown,,52.6942,-117.2133,1,
rt_ecc54182,Disappointment Cleaver,mt_9294ee3d,Rainier,Grade II,,9000.0,,alpine,1909.0,46.8523,-121.7603,1,
rt_3d011b01,The Whittle Wall,mt_96a24ecd,Whittle,,,,,trad,,39.9311,-105.2928,1,
rt_4257c623,Dos Perdigones en la Cassin,mt_47aa3dc9,McKinley,,,,,unknown,,63.0695,-151.0074,1,
rt_51bc2e96,food for thought,mt_0a6efc83,Index Town,,,,,unknown,,47.7511,-120.7401,1,
rt_6b004e95,Early Bird Buttress,mt_3447adfd,Logan,,,,,alpine,,41.7369,-111.8225,1,
rt_5f6bc279,"This is crap,",mt_766ed40c,Lundin,,,,,unknown,,47.7511,-120.7401,1,
rt_57be6bde,East Face,mt_09d4e23e,East Face of Longs,,,,,alpine,,40.3428,-105.6836,1,
rt_1e399f26,To Zee Top,mt_47aa3dc9,McKinley,,,,,unknown,,63.0695,-151.0074,1,
rt_cd397b28,Tomahawking.,mt_d539d9ce,Moran,,,,,unknown,,43.7904,-110.6818,1,
rt_9a380820,Too bad Buckwheat can’t fill us in.,mt_14da5435,Hood,,,,,unknown,,45.3736,-121.696,1,
rt_8a790814,to call someone.,mt_dc010940,Brock,,,,,unknown,,40.3428,-105.6836,1,
rt_960e4b1c,Emmons Glacier Route,mt_9294ee3d,Rainier,,,,,alpine,,46.8523,-121.7603,1,
rt_9996607d,Triple Couloir,mt_5d36d87a,Dragontail,,,,,alpine,,47.7511,-120.7401,1,
rt_2cf503e0,Expedition McKinley,mt_47aa3dc9,McKinley,,,,,unknown,,63.0695,-151.0074,1,
rt_d5453447,"soft,",mt_9294ee3d,Rainier,,,,,unknown,,46.8523,-121.7603,1,
rt_47a55809,Falling!,mt_67c311cb,Oubliette,,,,,unknown,,52.8734,-117.9543,1,
rt_d43c7d30,Upper West Rib camp.,mt_47aa3dc9,McKinley,,,,,unknown,,63.0695,-151.0074,1,
rt_9dcab819,Falling.,mt_0ed2b406,Washington,,,,,unknown,,44.2705,-71.3033,1,
rt_96a3f705,gripped,mt_9294ee3d,Rainier,,,,,unknown,,46.8523,-121.7603,1,
rt_5853242c,"Fischesser Wall,",mt_83e4fa6a,Hawksbill,,,,,trad,,,,1,
rt_fb2415e9,"Very dangerous up there, nothing like in 2004.",mt_47aa3dc9,McKinley,,,,,unknown,,63.0695,-151.0074,1,
rt_4753ef30,Forbidden Wall,mt_350f9d68,Forbidden,,,,,trad,,37.2982,-113.0263,1,
rt_04c268f7,solo,mt_47aa3dc9,McKinley,,,,,unknown,,63.0695,-151.0074,1,
rt_fcc90522,Friends in High Places,mt_3e127c2a,Tammany,,,,,unknown,,,,1,
rt_bffbd05f,Washington Square,mt_47aa3dc9,Mckinley,,,,,unknown,,40.3428,-105.6836,1,
rt_9289e918,GT-92,mt_47aa3dc9,McKinley,,,,,unknown,,63.0695,-151.0074,1,
rt_8c5773f5,hanging by a thread.,mt_6a601427,Cathedral,,,,,unknown,,37.8651,-119.5383,1,
rt_3d584dba,"Gooseberry,",mt_13621569,Tunnel,,,,,unknown,,40.3428,-105.6836,1,
rt_85d18a2b,"We could see it from a distance,",mt_3447adfd,Logan,,,,,unknown,,64.2008,-149.4937,1,
rt_c29eddd1,Grillmair Chimney,mt_17828ff6,Laurie,,,,,unknown,,,,1,
rt_85905b1d,retired,mt_0f1ec610,Fall From Artificial,,,,,unknown,,47.7511,-120.7401,1,
rt_e7ff73c0,"He was in very good shape for what he went through,",mt_3cc4a9a4,Adams,,,,,unknown,,46.2024,-121.4909,1,
rt_8dbaf3e8,heard a bone break in her leg.,mt_14da5435,Hood,,,,,unknown,,45.3736,-121.696,1,
rt_cbfe05b3,Helmet Buttress,mt_858cabea,Table Rock,,,,,alpine,,35.98,-81.88,1,
rt_29bf8bad,rock!,mt_ec039747,Lefroy,,,,,unknown,,51.3667,-116.3333,1,
rt_4bed7944,How does it look?,mt_6e18688a,Sandia,,,,,unknown,,35.205,-106.4792,1,
rt_cb669838,West Face,mt_812b1405,Crowfoot,,,,,alpine,,40.3428,-105.6836,1,
rt_c57619b2,"I thought I was dead,",mt_6a992d55,Index,,,,,unknown,,47.8215,-121.5562,1,
rt_37eeea43,pick me up and go.,mt_3cb304e9,Tennessee,,,,,unknown,,35.05,-85.35,1,
rt_ce332d5e,West Face,mt_ae90a7df,Sahale,,,,,alpine,,48.7718,-121.2985,1,
rt_982ba1d6,West Face,mt_56d0945d,Shasta,,,,,alpine,,41.4093,-122.1949,1,
rt_c7d47fca,It’s Crowded up there.,mt_2ec4b806,Crowders,,,,,unknown,,35.2095,-81.2981,1,
rt_738c6e0b,rusty,mt_4f732de8,Rundle,,,,,unknown,,51.1333,-115.4333,1,
rt_319f6578,I’m a little sketched out here!,mt_ababd3d4,Silver Run,,,,,unknown,,46.8797,-110.3626,1,
rt_b696b9f0,West Rib,mt_47aa3dc9,McKinley,5.2,5.2,14000.0,,alpine,1959.0,63.0695,-151.0074,1,
rt_28cfc211,January 25 at the Tennessee Wall,mt_3cb304e9,Tennessee,,,,,trad,,35.05,-85.35,1,
rt_6a304c03,safe,mt_14da5435,Hood,,,,,unknown,,45.3736,-121.696,1,
rt_2ce26d6e,"Joyful Expedition,",mt_47aa3dc9,McKinley,,,,,unknown,,63.0695,-151.0074,1,
rt_18de9f8a,technical,mt_c75c2b1f,Corvallis,,,,,unknown,,47.7511,-120.7401,1,
rt_6412fffa,West Ridge Route,mt_407cb343,Stuart,,,,,alpine,,47.4753,-120.9025,1,
rt_eefa4f46,the horribly difficult decision,mt_6b1b36cb,Hunter,,,,,unknown,,62.9804,-151.0984,1,
rt_6cf8a450,Know the Ropes,mt_56d0945d,Shasta,,,,,unknown,,41.4093,-122.1949,1,
rt_1033fb2a,Whiskey Expedition,mt_47aa3dc9,McKinley,,,,,unknown,,63.0695,-151.0074,1,
rt_58ebd467,Why do I feel so bad?,mt_21cb4e4b,Dana,,,,,unknown,,37.8651,-119.5383,1,
rt_b19f0cf6,the S couloir ,mt_7ca863f4,Southwest Ridge of,,,,,alpine,,63.1148,-151.1926,1,
rt_12051356,Love Mountain and Beer,mt_47aa3dc9,McKinley,,,,,unknown,,63.0695,-151.0074,1,
rt_507ec200,Wy'East Face,mt_14da5435,Hood,,,,,alpine,,45.3736,-121.696,1,
rt_c9fe6d87,Mazama Chute,mt_14da5435,Hood,,,,,unknown,,45.3736,-121.696,1,
rt_09b73da8,"many times before,",mt_b6d02b54,Foreplay,,,,,unknown,,,,1,
rt_39a48b73,"Miyagi Workers Alpine Federation–MWAF-2012 Denali,",mt_47aa3dc9,McKinley,,,,,unknown,,63.0695,-151.0074,1,
rt_5f4dc03f,"Yes,",mt_a3452f94,Pilot,,,,,unknown,,36.3378,-80.4697,1,
rt_0e865ff5,Muldrow Glacier and descending the West Buttress,mt_47aa3dc9,McKinley,,,,,alpine,,63.0695,-151.0074,1,
rt_80b80d2f,seize up,mt_e1a5945f,Sifton,,,,,unknown,,48.7596,-113.787,1,
rt_63405b99,Night Sun,mt_77ffbcea,Condor,,,,,unknown,,36.7783,-119.4179,1,
rt_8f9faac4,a baby.,mt_47aa3dc9,McKinley,,,,,unknown,,63.0695,-151.0074,1,
rt_1a0ce316,North Face,mt_7b97df22,Athabasca,Grade IV AI3,,2500.0,12.0,ice,,52.6942,-117.2133,1,
rt_fc34609c,middle,mt_6a601427,Cathedral,,,,,unknown,,37.8651,-119.5383,1,
rt_7055d1a6,a little achy,mt_47aa3dc9,McKinley,,,,,unknown,,63.0695,-151.0074,1,
rt_d9446ebd,act of nature.,mt_17a110cc,Barrille,,,,,unknown,,63.1148,-151.1926,1,
rt_530b61d2,all scratched up,mt_4929e186,Troopers notified the Alaska,,,,,unknown,,64.2008,-149.4937,1,
rt_4b927b05,pipe pitch,mt_74c96872,Cannon,,,,,unknown,,43.1939,-71.5724,1,
rt_64f6a6d2,Northcutt-Carter Route,mt_39819893,Hallett,,,,,unknown,,40.3428,-105.6836,1,
rt_2642aadf,anchor suddenly broke from the rock,mt_1f69bcc4,Borah,,,,,unknown,,39.5501,-105.7821,1,
rt_c852251d,Northeast Face,mt_ef06df9e,Grandjean,,,,,alpine,,,,1,
rt_191e7e1f,short tie-in,mt_9294ee3d,Rainier,,,,,unknown,,46.8523,-121.7603,1,
rt_40beb0db,Northwest Ridge,mt_f7410f26,Capitol,,,,,alpine,,39.1502,-107.0831,1,
rt_5b65313e,backup.,mt_f308b616,Grandfather,,,,,unknown,,,,1,
rt_993914cd,Off belay!,mt_8a7d7ba2,China,,,,,unknown,,36.7783,-119.4179,1,
rt_2a29e656,standard,mt_7b97df22,Athabasca,,,,,unknown,,52.6942,-117.2133,1,
rt_db12a346,Old Chute.,mt_14da5435,Hood,,,,,unknown,,45.3736,-121.696,1,
rt_83e98bde,basket,mt_1f69bcc4,Borah,,,,,unknown,,,,1,
rt_5948064f,Oregon High,mt_0ed2b406,Washington,,,,,unknown,,44.2705,-71.3033,1,
rt_ba824e4c,short-haul,mt_43996fb1,Owen,,,,,unknown,,43.7429,-110.7958,1,
rt_8b90da94,Owen- Spaulding Route,mt_ce39c87a,Jackson Hole,,,,,unknown,,43.7904,-110.6818,1,
rt_76fb7962,blown.,mt_43996fb1,Owen,,,,,unknown,,43.7429,-110.7958,1,
rt_60e0e477,Pearly Gates,mt_14da5435,Hood,Grade II+,,5200.0,,alpine,1940.0,45.3736,-121.696,1,
rt_33b856b7,ten essentials,mt_56d0945d,Shasta,,,,,unknown,,41.4093,-122.1949,1,
rt_10d19994,Pinnacle Gully,mt_0ed2b406,Washington,,,,,unknown,,44.2705,-71.3033,1,
rt_654c1c07,bone putty,mt_c083f8bf,Shortoff,,,,,unknown,,35.95,-81.9333,1,
rt_07029397,Practice Wall,mt_2ec4b806,Crowders,,,,,trad,,35.2095,-81.2981,1,
rt_41bc22ca,noticeably affected,mt_43996fb1,Owen,,,,,unknown,,43.7429,-110.7958,1,
rt_20d5085d,ROCK!,mt_54818b05,Discovery,,,,,unknown,,36.7783,-119.4179,1,
rt_65cbd89b,burned out.,mt_bcb2750f,Buffalo,,,,,unknown,,45.3333,-76.1667,1,
rt_ba083681,Recollections of Pacifica,mt_64046461,Champlain,,,,,unknown,,44.3386,-68.2733,1,
rt_5baca3a3,there was ice in my lungs.,mt_45440b44,Sill,,,,,unknown,,36.7783,-119.4179,1,
rt_82f2af15,"Red Shirt,",mt_53f8d8e0,Yamnuska,,,,,unknown,,51.13,-114.98,1,
rt_db12a346,old chute.,mt_14da5435,Hood,,,,,unknown,,45.3736,-121.696,1,
rt_96bd26b4,chicken head.,mt_ebc80d0d,Moores,,,,,unknown,,36.3956,-80.2628,1,
rt_678a202c,simul-climbing,mt_ebfb0046,Long's,,,,,unknown,,40.3428,-105.6836,1,
rt_af00e394,Robbins Traverse,mt_7109d51d,Redgarden,,,,,trad,,39.9311,-105.2928,1,
rt_740cbcc7,climbing.,mt_a3452f94,Pilot,,,,,unknown,,36.3378,-80.4697,1,
rt_fd9d7e55,Rock!,mt_7109d51d,Redgarden,,,,,trad,,40.015,-105.405,1,
rt_4d3ff04b,Southeast Buttress,mt_6a601427,Cathedral,5.6,,600.0,6.0,trad,,36.7783,-119.4179,1,
rt_1642e92b,Rock.,mt_39819893,Hallett,,,,,unknown,,40.3428,-105.6836,1,
rt_874f36ee,over the tree,mt_0a840ef4,Stone,,,,,unknown,,36.4,-81.0333,1,
rt_c6c6aa96,SOS,mt_56d0945d,Shasta,,,,,unknown,,41.4093,-122.1949,1,
rt_32ee359a,panicked,mt_a3452f94,Pilot,,,,,unknown,,36.3378,-80.4697,1,
rt_52100fdb,correct,mt_3a7e1b81,Thompson,,,,,unknown,,47.7511,-120.7401,1,
rt_ba14168b,"crack,",mt_47aa3dc9,McKinley,,,,,trad,,63.0695,-151.0074,1,
rt_c2a005b8,Sergeants Ridge,mt_56d0945d,Shasta,,,,,alpine,,41.4093,-122.1949,1,
rt_6b20bc98,A-Okay,mt_ce0036c7,Little Blue,,,,,unknown,,,,1,
rt_ffd09633,20 percent,mt_623466d6,Baker,,,,,unknown,,48.7767,-121.8144,1,
rt_d432152d,custodial groups,mt_00363127,Cheops,,,,,unknown,,48.7596,-113.787,1,
rt_298d128f,Africanized,mt_f22a0c6b,Camelback,,,,,unknown,,34.0489,-111.0937,1,
rt_e3ef213a,dead man,mt_14da5435,Hood,,,,,unknown,,45.3736,-121.696,1,
rt_1a6ac730,Angove-McKinley Expedition,mt_47aa3dc9,McKinley,,,,,unknown,,63.0695,-151.0074,1,
rt_0944db22,destroyed,mt_3cb304e9,Tennessee,,,,,unknown,,35.05,-85.35,1,
rt_b5ee19c4,Avalanche Gulch and Casaval Ridge,mt_56d0945d,Shasta,,,,,alpine,,41.4093,-122.1949,1,
rt_cb951a9f,default,mt_c14b7685,Balfour,,,,,unknown,,51.5667,-116.4333,1,
rt_7aae36f6,Best Chilled,mt_47aa3dc9,McKinley,,,,,unknown,,63.0695,-151.0074,1,
rt_5371b58f,domino,mt_39819893,Hallett,,,,,unknown,,40.3428,-105.6836,1,
rt_eab92100,Bumpers Buttress,mt_7729ca95,Cory,,,,,alpine,,51.4968,-115.9281,1,
rt_c17e5469,drop bag,mt_9294ee3d,Rainier,,,,,unknown,,46.8523,-121.7603,1,
rt_2984f5d9,"Can you take us to the summit from 14,000 feet?",mt_47aa3dc9,McKinley,,,,,unknown,,63.0695,-151.0074,1,
rt_6221559d,easy,mt_1f203706,Cosmology,,,,,unknown,,40.3428,-105.6836,1,
rt_0668cfb1,Central Ramp Route,mt_6384e2b2,Alice,,,,,unknown,,40.3428,-105.6836,1,
rt_38795448,snow scramble.,mt_9294ee3d,Rainier,,,,,unknown,,46.8523,-121.7603,1,
rt_978c4007,Climb Smart,mt_08c160d7,Red Garden,,,,,unknown,,39.9311,-105.2928,1,
rt_17cfaf2c,The Nose,mt_9294ee3d,Rainier,,,,,unknown,,46.8523,-121.7603,1,
rt_b3e660a8,Dancing Fools,mt_47aa3dc9,McKinley,,,,,unknown,,63.0695,-151.0074,1,
rt_966b170c,fast roping.,mt_102b4fe6,Jefferson,,,,,unknown,,44.6744,-121.799,1,
rt_dbb08909,Dodge’s Drop,mt_0ed2b406,Washington,,,,,unknown,,44.2705,-71.3033,1,
rt_c241be27,"The rope just went right through my hands,",mt_08c160d7,Red Garden,,,,,unknown,,39.9311,-105.2928,1,
rt_af52d4e2,East Buttress,mt_47aa3dc9,McKinley,,,,,alpine,,63.0695,-151.0074,1,
rt_0f3e3379,East Face,mt_dbe1a6bd,Wardle,,,,,alpine,,40.3428,-105.6836,1,
rt_110fc815,fresh,mt_9294ee3d,Rainier,,,,,unknown,,46.8523,-121.7603,1,
rt_38ceddb8,Endangering the welfare of a child in the first degree.,mt_47aa3dc9,McKinley,,,,,unknown,,63.0695,-151.0074,1,
rt_d8c9458b,go straight up to the peak.,mt_9355a9f9,Castle,,,,,unknown,,51.4968,-115.9281,1,
rt_3210b594,"Falling,",mt_66937502,Longs,,,,,unknown,,40.2549,-105.6151,1,
rt_81d77a3d,V-notch,mt_873d1ed8,Teewinot,,,,,unknown,,43.7763,-110.8219,1,
rt_0b022b6d,Football Field,mt_47aa3dc9,McKinley,,,,,unknown,,63.0695,-151.0074,1,
rt_21ce82ea,release hole,mt_9651cbc7,Star Trek,,,,,unknown,,,,1,
rt_236f9674,Fuhrer Ridge,mt_69727fef,Robson,,,,,alpine,,53.1097,-119.1564,1,
rt_a8a17ffc,Wayne’s World,mt_47aa3dc9,McKinley,,,,,unknown,,63.0695,-151.0074,1,
rt_24fb234b,Grassi’s Ridge,mt_32bf3172,Wiwaxy,,,,,alpine,,40.3428,-105.6836,1,
rt_dc84e774,headpoint,mt_b4b3bf04,Rincon,,,,,unknown,,39.9311,-105.2928,1,
rt_620729e3,Heart Break Hill.,mt_47aa3dc9,McKinley,,,,,unknown,,63.0695,-151.0074,1,
rt_63785108,hogback,mt_623466d6,Baker,,,,,unknown,,48.7767,-121.8144,1,
rt_3949dde0,"I don’t want to, but I have shut down.",mt_9294ee3d,Rainier,,,,,unknown,,46.8523,-121.7603,1,
rt_50dcdff9,the east side,mt_56d0945d,Shasta,,,,,unknown,,41.4093,-122.1949,1,
rt_e2cf2258,Is the weather contributing to instability?,mt_2d3f7184,Huntington,,,,,unknown,,64.2008,-149.4937,1,
rt_9176710f,human crutches,mt_9294ee3d,Rainier,,,,,unknown,,46.8523,-121.7603,1,
rt_e807439f,"I’m off belay, I’m safe.",mt_ec88f307,Megunticook,,,,,unknown,,,,1,
rt_cbbb1ce1,knife- edged,mt_f7410f26,Capitol,,,,,unknown,,39.1502,-107.0831,1,
rt_e6ef1c3e,"led out fairly confidently, but slowly.",mt_6b1b36cb,Hunter,,,,,unknown,,62.9804,-151.0984,1,
rt_59b30005,screamer,mt_9ef15f51,Lower Peanuts,,,,,unknown,,39.9311,-105.2928,1,
rt_5872a842,Let’s move!,mt_6a601427,Cathedral,,,,,unknown,,37.8651,-119.5383,1,
rt_aae429ec,unclipped,mt_2ec4b806,Crowders,,,,,unknown,,35.2095,-81.2981,1,
rt_d6e733ac,Lunch Rocks,mt_47aa3dc9,McKinley,,,,,unknown,,63.0695,-151.0074,1,
rt_7d73c5c2,Yellow Wall,mt_66937502,Longs,,,,,trad,,40.2549,-105.6151,1,
rt_65214ba7,Mountaineers Route (descent after East Face),mt_5efd5935,Whitney,,,,,alpine,,36.5785,-118.2923,1,
rt_5239338b,mayday,mt_3447adfd,Logan,,,,,unknown,,41.7369,-111.8225,1,
rt_4db843a6,North America Wall,mt_460491fc,North America,,,,,trad,,36.7783,-119.4179,1,
rt_8c24b402,a hopeless pile of garbage rock.,mt_527bd5b5,John,,,,,unknown,,,,1,
rt_7ba61429,North Glacier Route,mt_d960e076,Haddo,,,,,alpine,,51.4968,-115.9281,1,
rt_0699573d,smashed,mt_1a08321f,Roadside,,,,,unknown,,,,1,
rt_9e3d2789,Northeast Face,mt_c77c94c2,Andromeda,,,,,alpine,,52.2,-117.2833,1,
rt_9f8b172d,"multipitch, all-day event",mt_02b61095,Ridge between Little Pawnee,,,,,unknown,,39.5501,-105.7821,1,
rt_f5f4c6ff,Northwest Women’s Climbers.,mt_3a7e1b81,Thompson,,,,,unknown,,47.7511,-120.7401,1,
rt_66d8dd93,night schedule,mt_47aa3dc9,McKinley,,,,,unknown,,63.0695,-151.0074,1,
rt_4dd943b4,Open Book,mt_66937502,Longs,,,,,unknown,,40.2549,-105.6151,1,
rt_28d72671,no falls,mt_084fbcb0,Thunderbolt,,,,,unknown,,36.7783,-119.4179,1,
rt_1cb0d389,"Paolo, Paolo!",mt_47aa3dc9,McKinley,,,,,unknown,,63.0695,-151.0074,1,
rt_de3dee11,short-roped,mt_47aa3dc9,McKinley,,,,,unknown,,63.0695,-151.0074,1,
rt_eea3cc4b,Polar Circus,mt_481013db,Cirrus,,,,,unknown,,51.4968,-115.9281,1,
rt_24b8763b,braking action,mt_2ec4b806,Crowders,,,,,unknown,,35.2095,-81.2981,1,
rt_b321b3da,Rainy Day Women.,mt_bcb2750f,Buffalo,,,,,unknown,,45.3333,-76.1667,1,
rt_581387d6,standard,mt_56d0945d,Shasta,,,,,unknown,,41.4093,-122.1949,1,
rt_1221cc2e,check things out.,mt_9294ee3d,Rainier,,,,,unknown,,46.8523,-121.7603,1,
rt_91b625f7,"cliff,",mt_14da5435,Hood,,,,,unknown,,45.3736,-121.696,1,
rt_f60a9bb1,Rock!,mt_14da5435,Hood,,,,,unknown,,45.3736,-121.696,1,
rt_6aaa2e18,AAI-1 -Taylor,mt_47aa3dc9,McKinley,,,,,unknown,,63.0695,-151.0074,1,
rt_2dd8bb71,Roman Wall,mt_623466d6,Baker,,,,,trad,,48.7767,-121.8144,1,
rt_5252a5e2,cool down,mt_5050ba93,Wicked Gravity,,,,,unknown,,,,1,
rt_9d369289,Sawtooth Ridge,mt_e4b30aa4,Matterhorn,,,,,alpine,,36.7783,-119.4179,1,
rt_603763a3,slipped in booties,mt_47aa3dc9,McKinley,,,,,unknown,,63.0695,-151.0074,1,
rt_0d0ee9e1,training ground,mt_9355a9f9,Castle,,,,,unknown,,51.4968,-115.9281,1,
rt_00f56cf1,variation.,mt_5fe05153,Transformer,,,,,unknown,,,,1,
rt_d4444cf5,Arrow Float,mt_a0428c08,Back of the Lake,,,,,unknown,,40.3428,-105.6836,1,
rt_1d062c28,"crux,",mt_7b97df22,Athabasca,,,,,unknown,,52.6942,-117.2133,1,
rt_8742b602,Brainteasers,mt_bd273e23,Beauty,,,,,unknown,,,,1,
rt_ab58c8a3,Sun Devil Wall,mt_bd305285,Sun Devil,,,,,trad,,,,1,
rt_46b49e50,Tattoo Wall,mt_306743b0,Tattoo,,,,,trad,,,,1,
rt_985e95d2,end run,mt_e0e34c5a,Victoria,,,,,unknown,,51.3994,-116.3186,1,
rt_59f23d3c,Considerable rising to High with predicted daytime warming.,mt_4f732de8,Rundle,,,,,unknown,,51.1333,-115.4333,1,
rt_c2c2e787,The Sickle.,mt_e0e34c5a,Victoria,,,,,unknown,,51.3994,-116.3186,1,
rt_0e703e5e,Double Overhang,mt_3e127c2a,Tammany,,,,,unknown,,,,1,
rt_d410cc65,East Ridge,mt_dcff57c9,Sir,,,,,alpine,,,,1,
rt_eeeb8ea5,"Unbelayvable: A Missed Catch,",mt_aa1706b1,Starbuck,,,,,unknown,,43.2994,-74.2179,1,
rt_d53261ab,Fern Creek Party Wall,mt_12e9bb3e,Fern Creek Party,,,,,trad,,,,1,
rt_4fadc629,handle,mt_d539d9ce,Moran,,,,,unknown,,43.7904,-110.6818,1,
rt_aef34c5b,Giant Staircase of the East Face,mt_5efd5935,Whitney,,,,,alpine,,36.5785,-118.2923,1,
rt_fcbe0369,"We were lucky we were in a bay and it was calmer in there,",mt_53f8d8e0,Yamnuska,,,,,unknown,,51.13,-114.98,1,
rt_d7087e41,Hotlum-Bolam Route,mt_56d0945d,Shasta,,,,,unknown,,41.4093,-122.1949,1,
rt_ecf2868b,rooflet.,mt_ff77bbe5,The Flank,,,,,unknown,,,,1,
rt_33525d27,I’ll wait here for a rescue.,mt_dc2a18ef,Muir,,,,,unknown,,37.2151,-118.5437,1,
rt_ca366752,West Ridge,mt_6b1b36cb,Hunter,,,,,alpine,,62.9804,-151.0984,1,
rt_a533149a,Kiwi Denali,mt_47aa3dc9,McKinley,,,,,unknown,,63.0695,-151.0074,1,
rt_ac4f7a95,space blankets,mt_e33c8752,Haig,,,,,unknown,,,,1,
rt_3ae9b4f5,McKinley 99,mt_47aa3dc9,McKinley,,,,,unknown,,63.0695,-151.0074,1,
rt_f8ec6acb,Yokum Ridge,mt_14da5435,Hood,,,,,alpine,,45.3736,-121.696,1,
rt_c7af0a3d,North Face,mt_bface9aa,Edith,,,,,alpine,,52.8734,-117.9543,1,
rt_59d1c293,5.8 variation,mt_ac44c2f7,Lemmon,,,,,unknown,,34.0489,-111.0937,1,
rt_c265da4c,atypical HACE.,mt_47aa3dc9,McKinley,,,,,unknown,,63.0695,-151.0074,1,
rt_5c50cdc1,ball-up,mt_2e3985e3,Flattop,,,,,unknown,,40.3428,-105.6836,1,
rt_a39a5752,Original Route,mt_cd13b6a6,Rainbow,,,,,unknown,,36.1357,-115.4274,1,
rt_865e8640,normal,mt_05f129e4,Boneyard,,,,,unknown,,,,1,
rt_cb433730,Pro-Pin Award,mt_47aa3dc9,McKinley,,,,,unknown,,63.0695,-151.0074,1,
rt_547e6e3c,sickle,mt_9294ee3d,Rainier,,,,,unknown,,46.8523,-121.7603,1,
rt_05c3f471,Rincon Wall,mt_b4b3bf04,Rincon,,,,,trad,,39.9311,-105.2928,1,
rt_566e28f1,the Deadly Bells,mt_da308c22,North Maroon,,,,,unknown,,39.5501,-105.7821,1,
rt_cf9f7bdf,Salathe Wall,mt_f0f8f854,Long Ledge on the Salathe,,,,,trad,,36.7783,-119.4179,1,
rt_df6fb645,crushing,mt_47aa3dc9,McKinley,,,,,unknown,,63.0695,-151.0074,1,
rt_95a473e5,team doctor.,mt_47aa3dc9,McKinley,,,,,unknown,,63.0695,-151.0074,1,
rt_ef6630f8,snap.,mt_2df2a5c0,Whiteside,,,,,unknown,,,,1,
rt_0b2922ff,Cable Route,mt_66937502,Longs,,,,,unknown,,40.2549,-105.6151,1,
rt_ca2931d2,The Chute,mt_9294ee3d,Rainier,,,,,unknown,,46.8523,-121.7603,1,
rt_f13750d2,Devils Kitchen.,mt_14da5435,Hood,,,,,unknown,,45.3736,-121.696,1,
rt_90cb2dfa,Falling!,mt_6a601427,Cathedral,,,,,unknown,,36.7783,-119.4179,1,
rt_4e36266d,Vittles Wall,mt_1fed7ace,Vittles,,,,,trad,,,,1,
rt_03ff978b,HELP,mt_2b6bb87b,Patterson,,,,,unknown,,51.4968,-115.9281,1,
rt_d75b0547,hopeless pile of garbage rock.,mt_527bd5b5,John,,,,,unknown,,,,1,
rt_fa3184b8,Japanese Couloir,mt_5c5a4811,Woolley,,,,,alpine,,52.8734,-117.9543,1,
rt_6d113dc5,Winnie’s Slide,mt_3ad540a1,Shuksan,,,,,unknown,,48.8098,-121.6065,1,
rt_10f1ec6b,NW Buttress 02 ,mt_47aa3dc9,McKinley,,,,,alpine,,63.0695,-151.0074,1,
rt_1b3f5eb9,technical,mt_66937502,Longs,,,,,unknown,,40.2549,-105.6151,1,
rt_1f345ce1,Off belay.,mt_839f9477,High Wire,,,,,unknown,,39.7528,-105.3614,1,
rt_8ae889c4,body,mt_9294ee3d,Rainier,,,,,unknown,,46.8523,-121.7603,1,
rt_b92a254c,caught,mt_3cc4a9a4,Adams,,,,,unknown,,46.2024,-121.4909,1,
rt_3c7ee5ff,simul-climbing,mt_0ed2b406,Washington,,,,,unknown,,44.2705,-71.3033,1,
rt_191a4c1a,Short and Sweet,mt_8c40400c,Practice,,,,,unknown,,,,1,
rt_d3f05d4a,disorganized,mt_14da5435,Hood,,,,,unknown,,45.3736,-121.696,1,
rt_7d99d5d7,Cheechakos,mt_47aa3dc9,McKinley,,,,,unknown,,63.0695,-151.0074,1,
rt_f354b797,"French-freeing,",mt_3e91f832,Salathe,,,,,unknown,,36.7783,-119.4179,1,
rt_4d10ccac,West Face,mt_6b1b36cb,Hunter,,,,,alpine,,62.9804,-151.0984,1,
rt_b1797871,Lleida McKinley ’96,mt_47aa3dc9,McKinley,,,,,unknown,,63.0695,-151.0074,1,
rt_b83718b0,staircase,mt_abd7372b,Wilson,,,,,unknown,,51.45,-116.0667,1,
rt_ad984b25,Pig Hill,mt_47aa3dc9,McKinley,,,,,unknown,,63.0695,-151.0074,1,
rt_c4bebe55,optional,mt_7109d51d,Redgarden,,,,,trad,,39.9311,-105.2928,1,
rt_876d28df,Southeast Ridge,mt_09e35174,Bonneville,,,,,alpine,,43.076,-107.2903,1,
rt_60868dd0,Ice Skids,mt_8d4575cf,Foraker,,,,,unknown,,62.9604,-151.3998,1,
rt_ba472fd0,alpine draw,mt_3deb87c2,Inadequate Belay Pilot,,,,,unknown,,36.3378,-80.4697,1,
rt_6e41e541,"Rock,",mt_80ee7ece,Warren,,,,,unknown,,43.076,-107.2903,1,
rt_b3e65cf3,North Ridge,mt_e0e34c5a,Victoria,,,,,alpine,,51.3994,-116.3186,1,
rt_1052fc84,wind event,mt_47aa3dc9,McKinley,,,,,unknown,,63.0695,-151.0074,1,
rt_c47188dc,Sky Ladder,mt_c77c94c2,Andromeda,,,,,unknown,,52.2,-117.2833,1,
rt_396af907,training,mt_66937502,Longs,,,,,unknown,,40.2549,-105.6151,1,
rt_46c3e7b4,A climb isn’t over ‘til it’s over.,mt_4f732de8,Rundle,,,,,unknown,,51.1333,-115.4333,1,
rt_2b437cd4,trick,mt_14da5435,Hood,,,,,unknown,,45.3736,-121.696,1,
rt_c7c0a4ff,"Slipstream,",mt_2b93fbdf,Snow,,,,,unknown,,40.3428,-105.6836,1,
rt_e48b4cd5,"two bolts at the top with the chain,",mt_e305d845,Moore's,,,,,unknown,,36.3956,-80.2628,1,
rt_15339c82,Slovak Expedition 99,mt_47aa3dc9,McKinley,,,,,unknown,,63.0695,-151.0074,1,
rt_42501d47,"unravel,",mt_60b12162,Guide's,,,,,unknown,,43.076,-107.2903,1,
rt_214eb696,Small Cliff,mt_6cb60984,Ragged,,,,,unknown,,41.6333,-72.7833,1,
rt_0a267375,used one of his nine lives that day.,mt_56d0945d,Shasta,,,,,unknown,,41.4093,-122.1949,1,
rt_a91a8d46,"Soloing is definitely raising the danger factor,",mt_68b9dd26,Lorette,,,,,unknown,,,,1,
rt_bdfc5038,wanted to do something more difficult,mt_88d2c32b,Gates,,,,,unknown,,51.5,-118.5,1,
rt_c551a7fc,South Buttress,mt_b4177969,Jackson,,,,,alpine,,43.076,-107.2903,1,
rt_f951ab96,"went over on the right ankle,",mt_ede997b0,Terminal,,,,,unknown,,50.2667,-117.2833,1,
rt_d15902d9,South Buttress,mt_d539d9ce,Moran,,,,,alpine,,43.7904,-110.6818,1,
rt_64c661a6,14’ers,mt_873d1ed8,Teewinot,,,,,unknown,,43.7763,-110.8219,1,
rt_cbf0021b,South Buttress 95,mt_47aa3dc9,McKinley,,,,,alpine,,63.0695,-151.0074,1,
